AIRLINE	perct_delay
DL	0.28823
AS	0.33221
AA	0.35374
UA	0.36676
MQ	0.37126
WN	0.37892
EV	0.38435
OO	0.38563
B6	0.38924
US	0.39277
VX	0.39479
HA	0.39688
F9	0.45768
NK	0.49384